Título del Libro,Precio
A Light in the Attic,Â£51.77
Tipping the Velvet,Â£53.74
Soumission,Â£50.10
Sharp Objects,Â£47.82
Sapiens: A Brief History of Humankind,Â£54.23
The Requiem Red,Â£22.65
The Dirty Little Secrets of Getting Your Dream Job,Â£33.34
"The Coming Woman: A Novel Based on the Life of the Infamous Feminist, Victoria Woodhull",Â£17.93
The Boys in the Boat: Nine Americans and Their Epic Quest for Gold at the 1936 Berlin Olympics,Â£22.60
The Black Maria,Â£52.15
"Starving Hearts (Triangular Trade Trilogy, #1)",Â£13.99
Shakespeare's Sonnets,Â£20.66
Set Me Free,Â£17.46
Scott Pilgrim's Precious Little Life (Scott Pilgrim #1),Â£52.29
Rip it Up and Start Again,Â£35.02
"Our Band Could Be Your Life: Scenes from the American Indie Underground, 1981-1991",Â£57.25
Olio,Â£23.88
Mesaerion: The Best Science Fiction Stories 1800-1849,Â£37.59
Libertarianism for Beginners,Â£51.33
It's Only the Himalayas,Â£45.17
In Her Wake,Â£12.84
How Music Works,Â£37.32
"Foolproof Preserving: A Guide to Small Batch Jams, Jellies, Pickles, Condiments, and More: A Foolproof Guide to Making Small Batch Jams, Jellies, Pickles, Condiments, and More",Â£30.52
Chase Me (Paris Nights #2),Â£25.27
Black Dust,Â£34.53
Birdsong: A Story in Pictures,Â£54.64
America's Cradle of Quarterbacks: Western Pennsylvania's Football Factory from Johnny Unitas to Joe Montana,Â£22.50
Aladdin and His Wonderful Lamp,Â£53.13
Worlds Elsewhere: Journeys Around Shakespeareâs Globe,Â£40.30
Wall and Piece,Â£44.18
The Four Agreements: A Practical Guide to Personal Freedom,Â£17.66
The Five Love Languages: How to Express Heartfelt Commitment to Your Mate,Â£31.05
The Elephant Tree,Â£23.82
The Bear and the Piano,Â£36.89
Sophie's World,Â£15.94
Penny Maybe,Â£33.29
Maude (1883-1993):She Grew Up with the country,Â£18.02
"In a Dark, Dark Wood",Â£19.63
Behind Closed Doors,Â£52.22
You can't bury them all: Poems,Â£33.63
Slow States of Collapse: Poems,Â£57.31
Reasons to Stay Alive,Â£26.41
Private Paris (Private #10),Â£47.61
#HigherSelfie: Wake Up Your Life. Free Your Soul. Find Your Tribe.,Â£23.11
Without Borders (Wanderlove #1),Â£45.07
When We Collided,Â£31.77
"We Love You, Charlie Freeman",Â£50.27
Untitled Collection: Sabbath Poems 2014,Â£14.27
"Unseen City: The Majesty of Pigeons, the Discreet Charm of Snails & Other Wonders of the Urban Wilderness",Â£44.18
Unicorn Tracks,Â£18.78
"Unbound: How Eight Technologies Made Us Human, Transformed Society, and Brought Our World to the Brink",Â£25.52
Tsubasa: WoRLD CHRoNiCLE 2 (Tsubasa WoRLD CHRoNiCLE #2),Â£16.28
Throwing Rocks at the Google Bus: How Growth Became the Enemy of Prosperity,Â£31.12
This One Summer,Â£19.49
Thirst,Â£17.27
The Torch Is Passed: A Harding Family Story,Â£19.09
The Secret of Dreadwillow Carse,Â£56.13
"The Pioneer Woman Cooks: Dinnertime: Comfort Classics, Freezer Food, 16-Minute Meals, and Other Delicious Ways to Solve Supper!",Â£56.41
The Past Never Ends,Â£56.50
The Natural History of Us (The Fine Art of Pretending #2),Â£45.22
